result_id,target,upcycler,upcycler_graph,before_graph,after_graph,per_input_configuration_id,per_input_legendary_per_input,per_input_initial_inputs_per_input,per_input_initial_input_utilisation_per_input,per_input_upstream_fluid_inputs_per_input,per_input_fluid_outputs_per_input,per_input_legendary_per_second,per_input_initial_inputs_per_second,per_input_initial_input_utilisation_per_second,per_input_upstream_fluid_inputs_per_second,per_input_fluid_outputs_per_second,per_second_configuration_id,per_second_legendary_per_input,per_second_initial_inputs_per_input,per_second_initial_input_utilisation_per_input,per_second_upstream_fluid_inputs_per_input,per_second_fluid_outputs_per_input,per_second_legendary_per_second,per_second_initial_inputs_per_second,per_second_initial_input_utilisation_per_second,per_second_upstream_fluid_inputs_per_second,per_second_fluid_outputs_per_second
0,tungsten-plate,tungsten-plate,"[""tungsten-plate-recycling""]",,,0,"{""tungsten-plate"":0.000372816077868422}","{""tungsten-plate"":{""normal"":1}}",1.0,{},{},"{""tungsten-plate"":0.0004846609012289485}","{""tungsten-plate"":{""normal"":1.6}}",1.0,{},{},1,"{""tungsten-plate"":0.00020341077606525644}","{""tungsten-plate"":{""normal"":1}}",1.0,{},{},"{""tungsten-plate"":0.00214299110497269}","{""tungsten-plate"":{""normal"":13.4575}}",1.0,{},{}
1,tungsten-plate,tungsten-plate,"[""tungsten-plate-recycling""]","[""tungsten-plate""]",,2,"{""tungsten-plate"":0.002236896467210532}","{""molten-iron"":{""normal"":10},""tungsten-ore"":{""normal"":4}}",1.0,"{""molten-iron"":{""normal"":10.0}}",{},"{""tungsten-plate"":0.0017895171737684257}","{""molten-iron"":{""normal"":8.0},""tungsten-ore"":{""normal"":3.2}}",1.7777777777777777,"{""molten-iron"":{""normal"":8.0}}",{},3,"{""tungsten-plate"":0.0010729850724134665}","{""molten-iron"":{""normal"":10},""tungsten-ore"":{""normal"":4}}",1.0,"{""molten-iron"":{""normal"":10.0}}",{},"{""tungsten-plate"":0.00780146561037371}","{""molten-iron"":{""normal"":77.875},""tungsten-ore"":{""normal"":31.15}}",1.2948130655730632,"{""molten-iron"":{""normal"":77.875}}",{}
2,tungsten-plate,artillery-shell,"[""artillery-shell"",""artillery-shell-recycling""]",,,4,"{""calcite"":0.0007751230150461197,""explosives"":0.0062009841203689575,""radar"":0.0007751230150461197,""tungsten-plate"":0.0031004920601844788}","{""calcite"":{""normal"":1},""explosives"":{""normal"":8},""radar"":{""normal"":1},""tungsten-plate"":{""normal"":4}}",1.0,{},{},"{""calcite"":0.00012918716917435327,""explosives"":0.0010334973533948262,""radar"":0.00012918716917435327,""tungsten-plate"":0.0005167486766974131}","{""calcite"":{""normal"":0.16666666666666666},""explosives"":{""normal"":1.3333333333333333},""radar"":{""normal"":0.16666666666666666},""tungsten-plate"":{""normal"":0.6666666666666666}}",8.533333333333333,{},{},5,"{""calcite"":0.0001633919081538916,""explosives"":0.0013071352652311327,""radar"":0.0001633919081538916,""tungsten-plate"":0.0006535676326155663}","{""calcite"":{""normal"":1},""explosives"":{""normal"":8},""radar"":{""normal"":1},""tungsten-plate"":{""normal"":4}}",1.0,{},{},"{""calcite"":0.0014658977359873304,""explosives"":0.011727181887898643,""radar"":0.0014658977359873304,""tungsten-plate"":0.005863590943949322}","{""calcite"":{""normal"":55.3625},""explosives"":{""normal"":442.9},""radar"":{""normal"":55.3625},""tungsten-plate"":{""normal"":221.45}}",8.533333333333333,{},{}
3,tungsten-plate,artillery-turret,"[""artillery-turret"",""artillery-turret-recycling""]",,,6,"{""iron-gear-wheel"":0.031004920601844795,""processing-unit"":0.007751230150461199,""refined-concrete"":0.04650738090276718,""tungsten-plate"":0.04650738090276718}","{""iron-gear-wheel"":{""normal"":40},""processing-unit"":{""normal"":10},""refined-concrete"":{""normal"":60},""tungsten-plate"":{""normal"":60}}",1.0,{},{},"{""iron-gear-wheel"":0.0019378075376152997,""processing-unit"":0.0004844518844038249,""refined-concrete"":0.002906711306422949,""tungsten-plate"":0.002906711306422949}","{""iron-gear-wheel"":{""normal"":2.5},""processing-unit"":{""normal"":0.625},""refined-concrete"":{""normal"":3.75},""tungsten-plate"":{""normal"":3.75}}",8.533333333333333,{},{},7,"{""iron-gear-wheel"":0.006535676326155661,""processing-unit"":0.0016339190815389153,""refined-concrete"":0.009803514489233492,""tungsten-plate"":0.009803514489233492}","{""iron-gear-wheel"":{""normal"":40},""processing-unit"":{""normal"":10},""refined-concrete"":{""normal"":60},""tungsten-plate"":{""normal"":60}}",1.0,{},{},"{""iron-gear-wheel"":0.021988466039809952,""processing-unit"":0.005497116509952488,""refined-concrete"":0.03298269905971493,""tungsten-plate"":0.03298269905971493}","{""iron-gear-wheel"":{""normal"":830.4375},""processing-unit"":{""normal"":207.609375},""refined-concrete"":{""normal"":1245.65625},""tungsten-plate"":{""normal"":1245.65625}}",8.533333333333333,{},{}
4,tungsten-plate,artillery-wagon,"[""artillery-wagon"",""artillery-wagon-recycling""]",,,8,"{""engine-unit"":0.04650738090276718,""iron-gear-wheel"":0.031004920601844795,""processing-unit"":0.007751230150461199,""refined-concrete"":0.04650738090276718,""tungsten-plate"":0.04650738090276718}","{""engine-unit"":{""normal"":60},""iron-gear-wheel"":{""normal"":40},""processing-unit"":{""normal"":10},""refined-concrete"":{""normal"":60},""tungsten-plate"":{""normal"":60}}",1.0,{},{},"{""engine-unit"":0.02906711306422949,""iron-gear-wheel"":0.019378075376152992,""processing-unit"":0.004844518844038248,""refined-concrete"":0.02906711306422949,""tungsten-plate"":0.02906711306422949}","{""engine-unit"":{""normal"":37.5},""iron-gear-wheel"":{""normal"":25.0},""processing-unit"":{""normal"":6.25},""refined-concrete"":{""normal"":37.5},""tungsten-plate"":{""normal"":37.5}}",8.533333333333333,{},{},9,"{""engine-unit"":0.009803514489233492,""iron-gear-wheel"":0.006535676326155661,""processing-unit"":0.0016339190815389153,""refined-concrete"":0.009803514489233492,""tungsten-plate"":0.009803514489233492}","{""engine-unit"":{""normal"":60},""iron-gear-wheel"":{""normal"":40},""processing-unit"":{""normal"":10},""refined-concrete"":{""normal"":60},""tungsten-plate"":{""normal"":60}}",1.0,{},{},"{""engine-unit"":0.32982699059714926,""iron-gear-wheel"":0.2198846603980995,""processing-unit"":0.05497116509952488,""refined-concrete"":0.32982699059714926,""tungsten-plate"":0.32982699059714926}","{""engine-unit"":{""normal"":12456.5625},""iron-gear-wheel"":{""normal"":8304.375},""processing-unit"":{""normal"":2076.09375},""refined-concrete"":{""normal"":12456.5625},""tungsten-plate"":{""normal"":12456.5625}}",8.533333333333333,{},{}
5,tungsten-plate,foundation,"[""foundation"",""foundation-recycling""]",,,10,"{""carbon-fiber"":0.0031004920601844788,""lithium-plate"":0.0031004920601844788,""stone"":0.015502460300922397,""tungsten-plate"":0.0031004920601844788}","{""carbon-fiber"":{""normal"":4},""fluoroketone-cold"":{""normal"":20},""lithium-plate"":{""normal"":4},""stone"":{""normal"":20},""tungsten-plate"":{""normal"":4}}",1.0,"{""fluoroketone-cold"":{""normal"":21.329199343919754}}",{},"{""carbon-fiber"":0.00025837433834870655,""lithium-plate"":0.00025837433834870655,""stone"":0.0012918716917435329,""tungsten-plate"":0.00025837433834870655}","{""carbon-fiber"":{""normal"":0.3333333333333333},""fluoroketone-cold"":{""normal"":1.6666666666666665},""lithium-plate"":{""normal"":0.3333333333333333},""stone"":{""normal"":1.6666666666666665},""tungsten-plate"":{""normal"":0.3333333333333333}}",8.533333333333333,"{""fluoroketone-cold"":{""normal"":1.7774332786599794}}",{},11,"{""carbon-fiber"":0.0006535676326155663,""lithium-plate"":0.0006535676326155663,""stone"":0.003267838163077832,""tungsten-plate"":0.0006535676326155663}","{""carbon-fiber"":{""normal"":4},""fluoroketone-cold"":{""normal"":20},""lithium-plate"":{""normal"":4},""stone"":{""normal"":20},""tungsten-plate"":{""normal"":4}}",1.0,"{""fluoroketone-cold"":{""normal"":20.70006190982318}}",{},"{""carbon-fiber"":0.002931795471974661,""lithium-plate"":0.002931795471974661,""stone"":0.014658977359873305,""tungsten-plate"":0.002931795471974661}","{""carbon-fiber"":{""normal"":110.725},""fluoroketone-cold"":{""normal"":553.625},""lithium-plate"":{""normal"":110.725},""stone"":{""normal"":553.625},""tungsten-plate"":{""normal"":110.725}}",8.533333333333333,"{""fluoroketone-cold"":{""normal"":556.7653610504819}}",{}
6,tungsten-plate,fusion-generator,"[""fusion-generator"",""fusion-generator-recycling""]",,,12,"{""quantum-processor"":0.09653979539871217,""superconductor"":0.19307959079742434,""tungsten-plate"":0.19307959079742434}","{""quantum-processor"":{""normal"":50},""superconductor"":{""normal"":100},""tungsten-plate"":{""normal"":100}}",1.0,{},{},"{""quantum-processor"":0.009653979539871217,""superconductor"":0.019307959079742434,""tungsten-plate"":0.019307959079742434}","{""quantum-processor"":{""normal"":5.0},""superconductor"":{""normal"":10.0},""tungsten-plate"":{""normal"":10.0}}",10.666666666666666,{},{},13,"{""quantum-processor"":0.05140475029468538,""superconductor"":0.10280950058937076,""tungsten-plate"":0.10280950058937076}","{""quantum-processor"":{""normal"":50},""superconductor"":{""normal"":100},""tungsten-plate"":{""normal"":100}}",1.0,{},{},"{""quantum-processor"":0.13684372901364367,""superconductor"":0.27368745802728733,""tungsten-plate"":0.27368745802728733}","{""quantum-processor"":{""normal"":133.10416666666666},""superconductor"":{""normal"":266.2083333333333},""tungsten-plate"":{""normal"":266.2083333333333}}",10.666666666666666,{},{}
7,tungsten-plate,fusion-reactor,"[""fusion-reactor"",""fusion-reactor-recycling""]",,,14,"{""quantum-processor"":0.48269897699356074,""superconductor"":0.3861591815948486,""tungsten-plate"":0.3861591815948486}","{""quantum-processor"":{""normal"":250},""superconductor"":{""normal"":200},""tungsten-plate"":{""normal"":200}}",1.0,{},{},"{""quantum-processor"":0.02413494884967804,""superconductor"":0.019307959079742434,""tungsten-plate"":0.019307959079742434}","{""quantum-processor"":{""normal"":12.5},""superconductor"":{""normal"":10.0},""tungsten-plate"":{""normal"":10.0}}",10.666666666666666,{},{},15,"{""quantum-processor"":0.2570237514734269,""superconductor"":0.20561900117874152,""tungsten-plate"":0.20561900117874152}","{""quantum-processor"":{""normal"":250},""superconductor"":{""normal"":200},""tungsten-plate"":{""normal"":200}}",1.0,{},{},"{""quantum-processor"":0.34210932253410925,""superconductor"":0.27368745802728733,""tungsten-plate"":0.27368745802728733}","{""quantum-processor"":{""normal"":332.7604166666667},""superconductor"":{""normal"":266.2083333333333},""tungsten-plate"":{""normal"":266.2083333333333}}",10.666666666666666,{},{}
8,tungsten-plate,fusion-reactor-equipment,"[""fusion-reactor-equipment"",""fusion-reactor-equipment-recycling""]",,,16,"{""carbon-fiber"":0.07751230150461197,""fission-reactor-equipment"":0.0007751230150461197,""fusion-power-cell"":0.007751230150461199,""quantum-processor"":0.19378075376152992,""supercapacitor"":0.019378075376152992,""tungsten-plate"":0.19378075376152992}","{""carbon-fiber"":{""normal"":100},""fission-reactor-equipment"":{""normal"":1},""fusion-power-cell"":{""normal"":10},""quantum-processor"":{""normal"":250},""supercapacitor"":{""normal"":25},""tungsten-plate"":{""normal"":250}}",1.0,{},{},"{""carbon-fiber"":0.006459358458717662,""fission-reactor-equipment"":6.459358458717664e-05,""fusion-power-cell"":0.0006459358458717663,""quantum-processor"":0.01614839614679416,""supercapacitor"":0.0016148396146794155,""tungsten-plate"":0.01614839614679416}","{""carbon-fiber"":{""normal"":8.333333333333332},""fission-reactor-equipment"":{""normal"":0.08333333333333333},""fusion-power-cell"":{""normal"":0.8333333333333333},""quantum-processor"":{""normal"":20.833333333333332},""supercapacitor"":{""normal"":2.083333333333333},""tungsten-plate"":{""normal"":20.833333333333332}}",8.533333333333333,{},{},17,"{""carbon-fiber"":0.016339190815389155,""fission-reactor-equipment"":0.0001633919081538916,""fusion-power-cell"":0.0016339190815389153,""quantum-processor"":0.04084797703847289,""supercapacitor"":0.004084797703847289,""tungsten-plate"":0.04084797703847289}","{""carbon-fiber"":{""normal"":100},""fission-reactor-equipment"":{""normal"":1},""fusion-power-cell"":{""normal"":10},""quantum-processor"":{""normal"":250},""supercapacitor"":{""normal"":25},""tungsten-plate"":{""normal"":250}}",1.0,{},{},"{""carbon-fiber"":0.07329488679936652,""fission-reactor-equipment"":0.0007329488679936652,""fusion-power-cell"":0.0073294886799366524,""quantum-processor"":0.1832372169984163,""supercapacitor"":0.01832372169984163,""tungsten-plate"":0.1832372169984163}","{""carbon-fiber"":{""normal"":2768.125},""fission-reactor-equipment"":{""normal"":27.68125},""fusion-power-cell"":{""normal"":276.8125},""quantum-processor"":{""normal"":6920.3125},""supercapacitor"":{""normal"":692.03125},""tungsten-plate"":{""normal"":6920.3125}}",8.533333333333333,{},{}
9,tungsten-plate,railgun,"[""railgun"",""railgun-recycling""]",,,18,"{""quantum-processor"":0.03861591815948486,""superconductor"":0.01930795907974243,""tungsten-plate"":0.01930795907974243}","{""fluoroketone-cold"":{""normal"":10},""quantum-processor"":{""normal"":20},""superconductor"":{""normal"":10},""tungsten-plate"":{""normal"":10}}",1.0,"{""fluoroketone-cold"":{""normal"":10.661517877578735}}",{},"{""quantum-processor"":0.011584775447845457,""superconductor"":0.005792387723922729,""tungsten-plate"":0.005792387723922729}","{""fluoroketone-cold"":{""normal"":3.0},""quantum-processor"":{""normal"":6.0},""superconductor"":{""normal"":3.0},""tungsten-plate"":{""normal"":3.0}}",10.666666666666668,"{""fluoroketone-cold"":{""normal"":3.1984553632736206}}",{},19,"{""quantum-processor"":0.020561900117874145,""superconductor"":0.010280950058937073,""tungsten-plate"":0.010280950058937073}","{""fluoroketone-cold"":{""normal"":10},""quantum-processor"":{""normal"":20},""superconductor"":{""normal"":10},""tungsten-plate"":{""normal"":10}}",1.0,"{""fluoroketone-cold"":{""normal"":10.556265079984284}}",{},"{""quantum-processor"":0.1642124748163724,""superconductor"":0.0821062374081862,""tungsten-plate"":0.0821062374081862}","{""fluoroketone-cold"":{""normal"":79.8625},""quantum-processor"":{""normal"":159.725},""superconductor"":{""normal"":79.8625},""tungsten-plate"":{""normal"":79.8625}}",10.666666666666668,"{""fluoroketone-cold"":{""normal"":84.30497199502447}}",{}
10,tungsten-plate,railgun-turret,"[""railgun-turret"",""railgun-turret-recycling""]",,,20,"{""carbon-fiber"":0.03861591815948487,""quantum-processor"":0.1930795907974243,""superconductor"":0.09653979539871214,""tungsten-plate"":0.05792387723922729}","{""carbon-fiber"":{""normal"":20},""fluoroketone-cold"":{""normal"":100},""quantum-processor"":{""normal"":100},""superconductor"":{""normal"":50},""tungsten-plate"":{""normal"":30}}",1.0,"{""fluoroketone-cold"":{""normal"":106.61517877578734}}",{},"{""carbon-fiber"":0.011584775447845459,""quantum-processor"":0.05792387723922729,""superconductor"":0.028961938619613645,""tungsten-plate"":0.017377163171768188}","{""carbon-fiber"":{""normal"":6.0},""fluoroketone-cold"":{""normal"":30.0},""quantum-processor"":{""normal"":30.0},""superconductor"":{""normal"":15.0},""tungsten-plate"":{""normal"":9.0}}",10.666666666666668,"{""fluoroketone-cold"":{""normal"":31.984553632736205}}",{},21,"{""carbon-fiber"":0.02056190011787415,""quantum-processor"":0.10280950058937074,""superconductor"":0.05140475029468537,""tungsten-plate"":0.030842850176811227}","{""carbon-fiber"":{""normal"":20},""fluoroketone-cold"":{""normal"":100},""quantum-processor"":{""normal"":100},""superconductor"":{""normal"":50},""tungsten-plate"":{""normal"":30}}",1.0,"{""fluoroketone-cold"":{""normal"":105.56265079984284}}",{},"{""carbon-fiber"":0.16421247481637236,""quantum-processor"":0.8210623740818619,""superconductor"":0.41053118704093094,""tungsten-plate"":0.24631871222455856}","{""carbon-fiber"":{""normal"":159.725},""fluoroketone-cold"":{""normal"":798.625},""quantum-processor"":{""normal"":798.625},""superconductor"":{""normal"":399.3125},""tungsten-plate"":{""normal"":239.5875}}",10.666666666666668,"{""fluoroketone-cold"":{""normal"":843.0497199502448}}",{}
11,tungsten-plate,turbo-splitter,"[""turbo-splitter"",""turbo-splitter-recycling""]",,,22,"{""express-splitter"":0.0020649260035716,""processing-unit"":0.0041298520071432,""tungsten-plate"":0.030973890053574007}","{""express-splitter"":{""normal"":1},""lubricant"":{""normal"":80},""processing-unit"":{""normal"":2},""tungsten-plate"":{""normal"":15}}",1.0,"{""lubricant"":{""normal"":88.23029128819702}}",{},"{""express-splitter"":0.0082597040142864,""processing-unit"":0.0165194080285728,""tungsten-plate"":0.12389556021429603}","{""express-splitter"":{""normal"":4.0},""lubricant"":{""normal"":320.0},""processing-unit"":{""normal"":8.0},""tungsten-plate"":{""normal"":60.0}}",1.7777777777777777,"{""lubricant"":{""normal"":352.9211651527881}}",{},23,"{""express-splitter"":0.001154355096810339,""processing-unit"":0.002308710193620678,""tungsten-plate"":0.017315326452155083}","{""express-splitter"":{""normal"":1},""lubricant"":{""normal"":80},""processing-unit"":{""normal"":2},""tungsten-plate"":{""normal"":15}}",1.0,"{""lubricant"":{""normal"":85.64548876476005}}",{},"{""express-splitter"":0.045100653632379945,""processing-unit"":0.09020130726475989,""tungsten-plate"":0.6765098044856992}","{""express-splitter"":{""normal"":39.07},""lubricant"":{""normal"":3125.6},""processing-unit"":{""normal"":78.14},""tungsten-plate"":{""normal"":586.05}}",1.7777777777777777,"{""lubricant"":{""normal"":3346.1692460391746}}",{}
12,tungsten-plate,turbo-transport-belt,"[""turbo-transport-belt"",""turbo-transport-belt-recycling""]",,,24,"{""express-transport-belt"":0.0020649260035716,""tungsten-plate"":0.010324630017858001}","{""express-transport-belt"":{""normal"":1},""lubricant"":{""normal"":20},""tungsten-plate"":{""normal"":5}}",1.0,"{""lubricant"":{""normal"":22.057572822049256}}",{},"{""express-transport-belt"":0.0330388160571456,""tungsten-plate"":0.16519408028572802}","{""express-transport-belt"":{""normal"":16.0},""lubricant"":{""normal"":320.0},""tungsten-plate"":{""normal"":80.0}}",1.7777777777777777,"{""lubricant"":{""normal"":352.9211651527881}}",{},25,"{""express-transport-belt"":0.0011543550968103392,""tungsten-plate"":0.005771775484051694}","{""express-transport-belt"":{""normal"":1},""lubricant"":{""normal"":20},""tungsten-plate"":{""normal"":5}}",1.0,"{""lubricant"":{""normal"":21.41137219119001}}",{},"{""express-transport-belt"":0.18040261452951978,""tungsten-plate"":0.9020130726475989}","{""express-transport-belt"":{""normal"":156.28},""lubricant"":{""normal"":3125.6},""tungsten-plate"":{""normal"":781.4}}",1.7777777777777777,"{""lubricant"":{""normal"":3346.1692460391746}}",{}
13,tungsten-plate,turbo-underground-belt,"[""turbo-underground-belt"",""turbo-underground-belt-recycling""]",,,26,"{""express-underground-belt"":0.0041298520071432,""tungsten-plate"":0.08259704014286401}","{""express-underground-belt"":{""normal"":2},""lubricant"":{""normal"":40},""tungsten-plate"":{""normal"":40}}",1.0,"{""lubricant"":{""normal"":44.11514564409851}}",{},"{""express-underground-belt"":0.0165194080285728,""tungsten-plate"":0.33038816057145604}","{""express-underground-belt"":{""normal"":8.0},""lubricant"":{""normal"":160.0},""tungsten-plate"":{""normal"":160.0}}",1.7777777777777777,"{""lubricant"":{""normal"":176.46058257639405}}",{},27,"{""express-underground-belt"":0.0023087101936206784,""tungsten-plate"":0.046174203872413555}","{""express-underground-belt"":{""normal"":2},""lubricant"":{""normal"":40},""tungsten-plate"":{""normal"":40}}",1.0,"{""lubricant"":{""normal"":42.82274438238002}}",{},"{""express-underground-belt"":0.09020130726475989,""tungsten-plate"":1.8040261452951978}","{""express-underground-belt"":{""normal"":78.14},""lubricant"":{""normal"":1562.8},""tungsten-plate"":{""normal"":1562.8}}",1.7777777777777777,"{""lubricant"":{""normal"":1673.0846230195873}}",{}
14,tungsten-plate,tungsten-ore,"[""tungsten-ore-recycling""]",,"[""tungsten-plate""]",28,"{""tungsten-plate"":0.00023301004866776374}","{""tungsten-ore"":{""normal"":1}}",1.0,"{""molten-iron"":{""normal"":0.000932040194671055}}",{},"{""tungsten-plate"":0.006058261265361856}","{""tungsten-ore"":{""normal"":32.0}}",1.0,"{""molten-iron"":{""normal"":0.024233045061447425}}",{},29,"{""tungsten-plate"":0.0001271317350407853}","{""tungsten-ore"":{""normal"":1}}",1.0,"{""molten-iron"":{""normal"":0.0005085269401631412}}",{},"{""tungsten-plate"":0.026787388812158624}","{""tungsten-ore"":{""normal"":269.15}}",1.0,"{""molten-iron"":{""normal"":0.1071495552486345}}",{}
15,processing-unit,processing-unit,"[""processing-unit"",""processing-unit-recycling""]",,,30,"{""processing-unit"":0.015595551995094865}","{""advanced-circuit"":{""normal"":2},""electronic-circuit"":{""normal"":20},""sulfuric-acid"":{""normal"":5}}",1.0,"{""sulfuric-acid"":{""normal"":5.708631485262885}}",{},"{""processing-unit"":0.004288776798651089}","{""advanced-circuit"":{""normal"":0.55},""electronic-circuit"":{""normal"":5.5},""sulfuric-acid"":{""normal"":1.375}}",3.7509157509157514,"{""sulfuric-acid"":{""normal"":1.5698736584472937}}",{},31,"{""processing-unit"":0.008391190810164841}","{""advanced-circuit"":{""normal"":2},""electronic-circuit"":{""normal"":20},""sulfuric-acid"":{""normal"":5}}",1.0,"{""sulfuric-acid"":{""normal"":5.4211712709479265}}",{},"{""processing-unit"":0.045102650604636016}","{""advanced-circuit"":{""normal"":10.75},""electronic-circuit"":{""normal"":107.5},""sulfuric-acid"":{""normal"":26.875}}",3.7509157509157514,"{""sulfuric-acid"":{""normal"":29.138795581345104}}",{}
16,processing-unit,artillery-turret,"[""artillery-turret"",""artillery-turret-recycling""]",,,32,"{""iron-gear-wheel"":0.031004920601844795,""processing-unit"":0.007751230150461199,""refined-concrete"":0.04650738090276718,""tungsten-plate"":0.04650738090276718}","{""iron-gear-wheel"":{""normal"":40},""processing-unit"":{""normal"":10},""refined-concrete"":{""normal"":60},""tungsten-plate"":{""normal"":60}}",1.0,{},{},"{""iron-gear-wheel"":0.0019378075376152997,""processing-unit"":0.0004844518844038249,""refined-concrete"":0.002906711306422949,""tungsten-plate"":0.002906711306422949}","{""iron-gear-wheel"":{""normal"":2.5},""processing-unit"":{""normal"":0.625},""refined-concrete"":{""normal"":3.75},""tungsten-plate"":{""normal"":3.75}}",8.533333333333333,{},{},33,"{""iron-gear-wheel"":0.006535676326155661,""processing-unit"":0.0016339190815389153,""refined-concrete"":0.009803514489233492,""tungsten-plate"":0.009803514489233492}","{""iron-gear-wheel"":{""normal"":40},""processing-unit"":{""normal"":10},""refined-concrete"":{""normal"":60},""tungsten-plate"":{""normal"":60}}",1.0,{},{},"{""iron-gear-wheel"":0.021988466039809952,""processing-unit"":0.005497116509952488,""refined-concrete"":0.03298269905971493,""tungsten-plate"":0.03298269905971493}","{""iron-gear-wheel"":{""normal"":830.4375},""processing-unit"":{""normal"":207.609375},""refined-concrete"":{""normal"":1245.65625},""tungsten-plate"":{""normal"":1245.65625}}",8.533333333333333,{},{}
17,processing-unit,artillery-wagon,"[""artillery-wagon"",""artillery-wagon-recycling""]",,,34,"{""engine-unit"":0.04650738090276718,""iron-gear-wheel"":0.031004920601844795,""processing-unit"":0.007751230150461199,""refined-concrete"":0.04650738090276718,""tungsten-plate"":0.04650738090276718}","{""engine-unit"":{""normal"":60},""iron-gear-wheel"":{""normal"":40},""processing-unit"":{""normal"":10},""refined-concrete"":{""normal"":60},""tungsten-plate"":{""normal"":60}}",1.0,{},{},"{""engine-unit"":0.02906711306422949,""iron-gear-wheel"":0.019378075376152992,""processing-unit"":0.004844518844038248,""refined-concrete"":0.02906711306422949,""tungsten-plate"":0.02906711306422949}","{""engine-unit"":{""normal"":37.5},""iron-gear-wheel"":{""normal"":25.0},""processing-unit"":{""normal"":6.25},""refined-concrete"":{""normal"":37.5},""tungsten-plate"":{""normal"":37.5}}",8.533333333333333,{},{},35,"{""engine-unit"":0.009803514489233492,""iron-gear-wheel"":0.006535676326155661,""processing-unit"":0.0016339190815389153,""refined-concrete"":0.009803514489233492,""tungsten-plate"":0.009803514489233492}","{""engine-unit"":{""normal"":60},""iron-gear-wheel"":{""normal"":40},""processing-unit"":{""normal"":10},""refined-concrete"":{""normal"":60},""tungsten-plate"":{""normal"":60}}",1.0,{},{},"{""engine-unit"":0.32982699059714926,""iron-gear-wheel"":0.2198846603980995,""processing-unit"":0.05497116509952488,""refined-concrete"":0.32982699059714926,""tungsten-plate"":0.32982699059714926}","{""engine-unit"":{""normal"":12456.5625},""iron-gear-wheel"":{""normal"":8304.375},""processing-unit"":{""normal"":2076.09375},""refined-concrete"":{""normal"":12456.5625},""tungsten-plate"":{""normal"":12456.5625}}",8.533333333333333,{},{}
18,processing-unit,asteroid-collector,"[""asteroid-collector"",""asteroid-collector-recycling""]",,,36,"{""electric-engine-unit"":0.0062009841203689575,""low-density-structure"":0.015502460300922397,""processing-unit"":0.0038756150752305993}","{""electric-engine-unit"":{""normal"":8},""low-density-structure"":{""normal"":20},""processing-unit"":{""normal"":5}}",1.0,{},{},"{""electric-engine-unit"":0.0015502460300922394,""low-density-structure"":0.0038756150752305993,""processing-unit"":0.0009689037688076498}","{""electric-engine-unit"":{""normal"":2.0},""low-density-structure"":{""normal"":5.0},""processing-unit"":{""normal"":1.25}}",8.533333333333333,{},{},37,"{""electric-engine-unit"":0.0013071352652311327,""low-density-structure"":0.003267838163077832,""processing-unit"":0.000816959540769458}","{""electric-engine-unit"":{""normal"":8},""low-density-structure"":{""normal"":20},""processing-unit"":{""normal"":5}}",1.0,{},{},"{""electric-engine-unit"":0.017590772831847967,""low-density-structure"":0.043976932079619904,""processing-unit"":0.010994233019904976}","{""electric-engine-unit"":{""normal"":664.35},""low-density-structure"":{""normal"":1660.875},""processing-unit"":{""normal"":415.21875}}",8.533333333333333,{},{}
19,processing-unit,atomic-bomb,"[""atomic-bomb"",""atomic-bomb-recycling""]",,,38,"{""explosives"":0.007751230150461199,""processing-unit"":0.007751230150461199,""uranium-235"":0.07751230150461197}","{""explosives"":{""normal"":10},""processing-unit"":{""normal"":10},""uranium-235"":{""normal"":100}}",1.0,{},{},"{""explosives"":0.00038756150752305984,""processing-unit"":0.00038756150752305984,""uranium-235"":0.0038756150752305984}","{""explosives"":{""normal"":0.5},""processing-unit"":{""normal"":0.5},""uranium-235"":{""normal"":5.0}}",8.533333333333331,{},{},39,"{""explosives"":0.001633919081538916,""processing-unit"":0.001633919081538916,""uranium-235"":0.01633919081538916}","{""explosives"":{""normal"":10},""processing-unit"":{""normal"":10},""uranium-235"":{""normal"":100}}",1.0,{},{},"{""explosives"":0.004397693207961991,""processing-unit"":0.004397693207961991,""uranium-235"":0.043976932079619904}","{""explosives"":{""normal"":166.0875},""processing-unit"":{""normal"":166.0875},""uranium-235"":{""normal"":1660.875}}",8.533333333333331,{},{}
20,processing-unit,battery-mk2-equipment,"[""battery-mk2-equipment"",""battery-mk2-equipment-recycling""]",,,40,"{""battery-equipment"":0.007751230150461199,""low-density-structure"":0.0038756150752305993,""processing-unit"":0.011626845225691795}","{""battery-equipment"":{""normal"":10},""low-density-structure"":{""normal"":5},""processing-unit"":{""normal"":15}}",1.0,{},{},"{""battery-equipment"":0.0019378075376152997,""low-density-structure"":0.0009689037688076498,""processing-unit"":0.002906711306422949}","{""battery-equipment"":{""normal"":2.5},""low-density-structure"":{""normal"":1.25},""processing-unit"":{""normal"":3.75}}",8.533333333333333,{},{},41,"{""battery-equipment"":0.0016339190815389153,""low-density-structure"":0.0008169595407694577,""processing-unit"":0.002450878622308373}","{""battery-equipment"":{""normal"":10},""low-density-structure"":{""normal"":5},""processing-unit"":{""normal"":15}}",1.0,{},{},"{""battery-equipment"":0.021988466039809952,""low-density-structure"":0.010994233019904976,""processing-unit"":0.03298269905971493}","{""battery-equipment"":{""normal"":830.4375},""low-density-structure"":{""normal"":415.21875},""processing-unit"":{""normal"":1245.65625}}",8.533333333333333,{},{}
21,processing-unit,capture-robot-rocket,"[""capture-robot-rocket"",""capture-robot-rocket-recycling""]",,,42,"{""bioflux"":0.015502460300922397,""flying-robot-frame"":0.0007751230150461197,""processing-unit"":0.0015502460300922394,""steel-plate"":0.0015502460300922394}","{""bioflux"":{""normal"":20},""flying-robot-frame"":{""normal"":1},""processing-unit"":{""normal"":2},""steel-plate"":{""normal"":2}}",1.0,{},{},"{""bioflux"":0.0038756150752305993,""flying-robot-frame"":0.00019378075376152992,""processing-unit"":0.00038756150752305984,""steel-plate"":0.00038756150752305984}","{""bioflux"":{""normal"":5.0},""flying-robot-frame"":{""normal"":0.25},""processing-unit"":{""normal"":0.5},""steel-plate"":{""normal"":0.5}}",8.533333333333333,{},{},43,"{""bioflux"":0.003267838163077832,""flying-robot-frame"":0.0001633919081538916,""processing-unit"":0.0003267838163077832,""steel-plate"":0.0003267838163077832}","{""bioflux"":{""normal"":20},""flying-robot-frame"":{""normal"":1},""processing-unit"":{""normal"":2},""steel-plate"":{""normal"":2}}",1.0,{},{},"{""bioflux"":0.043976932079619904,""flying-robot-frame"":0.002198846603980996,""processing-unit"":0.004397693207961992,""steel-plate"":0.004397693207961992}","{""bioflux"":{""normal"":1660.875},""flying-robot-frame"":{""normal"":83.04375},""processing-unit"":{""normal"":166.0875},""steel-plate"":{""normal"":166.0875}}",8.533333333333333,{},{}
22,processing-unit,cargo-bay,"[""cargo-bay"",""cargo-bay-recycling""]",,,44,"{""low-density-structure"":0.015502460300922394,""processing-unit"":0.0038756150752305984,""steel-plate"":0.015502460300922394}","{""low-density-structure"":{""normal"":20},""processing-unit"":{""normal"":5},""steel-plate"":{""normal"":20}}",1.0,{},{},"{""low-density-structure"":0.0038756150752305984,""processing-unit"":0.0009689037688076496,""steel-plate"":0.0038756150752305984}","{""low-density-structure"":{""normal"":5.0},""processing-unit"":{""normal"":1.25},""steel-plate"":{""normal"":5.0}}",8.533333333333333,{},{},45,"{""low-density-structure"":0.003267838163077832,""processing-unit"":0.000816959540769458,""steel-plate"":0.003267838163077832}","{""low-density-structure"":{""normal"":20},""processing-unit"":{""normal"":5},""steel-plate"":{""normal"":20}}",1.0,{},{},"{""low-density-structure"":0.043976932079619904,""processing-unit"":0.010994233019904976,""steel-plate"":0.043976932079619904}","{""low-density-structure"":{""normal"":1660.875},""processing-unit"":{""normal"":415.21875},""steel-plate"":{""normal"":1660.875}}",8.533333333333333,{},{}
23,processing-unit,cargo-landing-pad,"[""cargo-landing-pad"",""cargo-landing-pad-recycling""]",,,46,"{""concrete"":0.15502460300922394,""processing-unit"":0.007751230150461199,""steel-plate"":0.019378075376152992}","{""concrete"":{""normal"":200},""processing-unit"":{""normal"":10},""steel-plate"":{""normal"":25}}",1.0,{},{},"{""concrete"":0.012918716917435324,""processing-unit"":0.0006459358458717663,""steel-plate"":0.0016148396146794155}","{""concrete"":{""normal"":16.666666666666664},""processing-unit"":{""normal"":0.8333333333333333},""steel-plate"":{""normal"":2.083333333333333}}",8.533333333333333,{},{},47,"{""concrete"":0.03267838163077832,""processing-unit"":0.001633919081538916,""steel-plate"":0.00408479770384729}","{""concrete"":{""normal"":200},""processing-unit"":{""normal"":10},""steel-plate"":{""normal"":25}}",1.0,{},{},"{""concrete"":0.14658977359873304,""processing-unit"":0.0073294886799366524,""steel-plate"":0.01832372169984163}","{""concrete"":{""normal"":5536.25},""processing-unit"":{""normal"":276.8125},""steel-plate"":{""normal"":692.03125}}",8.533333333333333,{},{}
24,processing-unit,cryogenic-plant,"[""cryogenic-plant"",""cryogenic-plant-recycling""]",,,48,"{""lithium-plate"":0.03861591815948486,""processing-unit"":0.03861591815948486,""refined-concrete"":0.07723183631896972,""superconductor"":0.03861591815948486}","{""lithium-plate"":{""normal"":20},""processing-unit"":{""normal"":20},""refined-concrete"":{""normal"":40},""superconductor"":{""normal"":20}}",1.0,{},{},"{""lithium-plate"":0.011584775447845457,""processing-unit"":0.011584775447845457,""refined-concrete"":0.023169550895690914,""superconductor"":0.011584775447845457}","{""lithium-plate"":{""normal"":6.0},""processing-unit"":{""normal"":6.0},""refined-concrete"":{""normal"":12.0},""superconductor"":{""normal"":6.0}}",10.666666666666668,{},{},49,"{""lithium-plate"":0.020561900117874145,""processing-unit"":0.020561900117874145,""refined-concrete"":0.04112380023574829,""superconductor"":0.020561900117874145}","{""lithium-plate"":{""normal"":20},""processing-unit"":{""normal"":20},""refined-concrete"":{""normal"":40},""superconductor"":{""normal"":20}}",1.0,{},{},"{""lithium-plate"":0.1642124748163724,""processing-unit"":0.1642124748163724,""refined-concrete"":0.3284249496327448,""superconductor"":0.1642124748163724}","{""lithium-plate"":{""normal"":159.725},""processing-unit"":{""normal"":159.725},""refined-concrete"":{""normal"":319.45},""superconductor"":{""normal"":159.725}}",10.666666666666668,{},{}
25,processing-unit,destroyer-capsule,"[""destroyer-capsule"",""destroyer-capsule-recycling""]",,,50,"{""distractor-capsule"":0.0031004920601844788,""processing-unit"":0.0007751230150461197,""steel-plate"":0.0031004920601844788}","{""distractor-capsule"":{""normal"":4},""processing-unit"":{""normal"":1},""steel-plate"":{""normal"":4}}",1.0,{},{},"{""distractor-capsule"":0.0005167486766974131,""processing-unit"":0.00012918716917435327,""steel-plate"":0.0005167486766974131}","{""distractor-capsule"":{""normal"":0.6666666666666666},""processing-unit"":{""normal"":0.16666666666666666},""steel-plate"":{""normal"":0.6666666666666666}}",8.533333333333333,{},{},51,"{""distractor-capsule"":0.0006535676326155663,""processing-unit"":0.0001633919081538916,""steel-plate"":0.0006535676326155663}","{""distractor-capsule"":{""normal"":4},""processing-unit"":{""normal"":1},""steel-plate"":{""normal"":4}}",1.0,{},{},"{""distractor-capsule"":0.005863590943949322,""processing-unit"":0.0014658977359873304,""steel-plate"":0.005863590943949322}","{""distractor-capsule"":{""normal"":221.45},""processing-unit"":{""normal"":55.3625},""steel-plate"":{""normal"":221.45}}",8.533333333333333,{},{}
26,processing-unit,discharge-defense-equipment,"[""discharge-defense-equipment"",""discharge-defense-equipment-recycling""]",,,52,"{""laser-turret"":0.026897664446933055,""processing-unit"":0.013448832223466527,""steel-plate"":0.05379532889386611}","{""laser-turret"":{""normal"":10},""processing-unit"":{""normal"":5},""steel-plate"":{""normal"":20}}",1.0,{},{},"{""laser-turret"":0.010086624167599895,""processing-unit"":0.005043312083799947,""steel-plate"":0.02017324833519979}","{""laser-turret"":{""normal"":3.75},""processing-unit"":{""normal"":1.875},""steel-plate"":{""normal"":7.5}}",4.137373737373737,{},{},53,"{""laser-turret"":0.015080593621786757,""processing-unit"":0.007540296810893379,""steel-plate"":0.030161187243573515}","{""laser-turret"":{""normal"":10},""processing-unit"":{""normal"":5},""steel-plate"":{""normal"":20}}",1.0,{},{},"{""laser-turret"":0.08105819071710381,""processing-unit"":0.040529095358551905,""steel-plate"":0.16211638143420762}","{""laser-turret"":{""normal"":53.75},""processing-unit"":{""normal"":26.875},""steel-plate"":{""normal"":107.5}}",4.137373737373737,{},{}
27,processing-unit,efficiency-module-2,"[""efficiency-module-2"",""efficiency-module-2-recycling""]",,,54,"{""advanced-circuit"":0.013448832223466527,""efficiency-module"":0.010759065778773221,""processing-unit"":0.013448832223466527}","{""advanced-circuit"":{""normal"":5},""efficiency-module"":{""normal"":4},""processing-unit"":{""normal"":5}}",1.0,{},{},"{""advanced-circuit"":0.001681104027933316,""efficiency-module"":0.0013448832223466527,""processing-unit"":0.001681104027933316}","{""advanced-circuit"":{""normal"":0.625},""efficiency-module"":{""normal"":0.5},""processing-unit"":{""normal"":0.625}}",4.137373737373737,{},{},55,"{""advanced-circuit"":0.007540296810893379,""efficiency-module"":0.006032237448714704,""processing-unit"":0.007540296810893379}","{""advanced-circuit"":{""normal"":5},""efficiency-module"":{""normal"":4},""processing-unit"":{""normal"":5}}",1.0,{},{},"{""advanced-circuit"":0.013509698452850636,""efficiency-module"":0.01080775876228051,""processing-unit"":0.013509698452850636}","{""advanced-circuit"":{""normal"":8.958333333333334},""efficiency-module"":{""normal"":7.166666666666667},""processing-unit"":{""normal"":8.958333333333334}}",4.137373737373737,{},{}
28,processing-unit,efficiency-module-3,"[""efficiency-module-3"",""efficiency-module-3-recycling""]",,,56,"{""advanced-circuit"":0.013448832223466527,""efficiency-module-2"":0.010759065778773221,""processing-unit"":0.013448832223466527,""spoilage"":0.013448832223466527}","{""advanced-circuit"":{""normal"":5},""efficiency-module-2"":{""normal"":4},""processing-unit"":{""normal"":5},""spoilage"":{""normal"":5}}",1.0,{},{},"{""advanced-circuit"":0.000840552013966658,""efficiency-module-2"":0.0006724416111733263,""processing-unit"":0.000840552013966658,""spoilage"":0.000840552013966658}","{""advanced-circuit"":{""normal"":0.3125},""efficiency-module-2"":{""normal"":0.25},""processing-unit"":{""normal"":0.3125},""spoilage"":{""normal"":0.3125}}",4.137373737373737,{},{},57,"{""advanced-circuit"":0.007540296810893379,""efficiency-module-2"":0.006032237448714704,""processing-unit"":0.007540296810893379,""spoilage"":0.007540296810893379}","{""advanced-circuit"":{""normal"":5},""efficiency-module-2"":{""normal"":4},""processing-unit"":{""normal"":5},""spoilage"":{""normal"":5}}",1.0,{},{},"{""advanced-circuit"":0.006754849226425318,""efficiency-module-2"":0.005403879381140255,""processing-unit"":0.006754849226425318,""spoilage"":0.006754849226425318}","{""advanced-circuit"":{""normal"":4.479166666666667},""efficiency-module-2"":{""normal"":3.5833333333333335},""processing-unit"":{""normal"":4.479166666666667},""spoilage"":{""normal"":4.479166666666667}}",4.137373737373737,{},{}
29,processing-unit,electromagnetic-plant,"[""electromagnetic-plant"",""electromagnetic-plant-recycling""]",,,58,"{""holmium-plate"":0.4034649667039958,""processing-unit"":0.13448832223466525,""refined-concrete"":0.13448832223466525,""steel-plate"":0.13448832223466525}","{""holmium-plate"":{""normal"":150},""processing-unit"":{""normal"":50},""refined-concrete"":{""normal"":50},""steel-plate"":{""normal"":50}}",1.0,{},{},"{""holmium-plate"":0.1512993625139984,""processing-unit"":0.05043312083799946,""refined-concrete"":0.05043312083799946,""steel-plate"":0.05043312083799946}","{""holmium-plate"":{""normal"":56.25},""processing-unit"":{""normal"":18.75},""refined-concrete"":{""normal"":18.75},""steel-plate"":{""normal"":18.75}}",4.137373737373737,{},{},59,"{""holmium-plate"":0.22620890432680132,""processing-unit"":0.07540296810893378,""refined-concrete"":0.07540296810893378,""steel-plate"":0.07540296810893378}","{""holmium-plate"":{""normal"":150},""processing-unit"":{""normal"":50},""refined-concrete"":{""normal"":50},""steel-plate"":{""normal"":50}}",1.0,{},{},"{""holmium-plate"":1.2158728607565574,""processing-unit"":0.4052909535855191,""refined-concrete"":0.4052909535855191,""steel-plate"":0.4052909535855191}","{""holmium-plate"":{""normal"":806.25},""processing-unit"":{""normal"":268.75},""refined-concrete"":{""normal"":268.75},""steel-plate"":{""normal"":268.75}}",4.137373737373737,{},{}
30,processing-unit,energy-shield-mk2-equipment,"[""energy-shield-mk2-equipment"",""energy-shield-mk2-equipment-recycling""]",,,60,"{""energy-shield-equipment"":0.007751230150461197,""low-density-structure"":0.0038756150752305984,""processing-unit"":0.0038756150752305984}","{""energy-shield-equipment"":{""normal"":10},""low-density-structure"":{""normal"":5},""processing-unit"":{""normal"":5}}",1.0,{},{},"{""energy-shield-equipment"":0.0019378075376152992,""low-density-structure"":0.0009689037688076496,""processing-unit"":0.0009689037688076496}","{""energy-shield-equipment"":{""normal"":2.5},""low-density-structure"":{""normal"":1.25},""processing-unit"":{""normal"":1.25}}",8.533333333333333,{},{},61,"{""energy-shield-equipment"":0.001633919081538916,""low-density-structure"":0.000816959540769458,""processing-unit"":0.000816959540769458}","{""energy-shield-equipment"":{""normal"":10},""low-density-structure"":{""normal"":5},""processing-unit"":{""normal"":5}}",1.0,{},{},"{""energy-shield-equipment"":0.021988466039809952,""low-density-structure"":0.010994233019904976,""processing-unit"":0.010994233019904976}","{""energy-shield-equipment"":{""normal"":830.4375},""low-density-structure"":{""normal"":415.21875},""processing-unit"":{""normal"":415.21875}}",8.533333333333333,{},{}
31,processing-unit,exoskeleton-equipment,"[""exoskeleton-equipment"",""exoskeleton-equipment-recycling""]",,,62,"{""electric-engine-unit"":0.02325369045138359,""processing-unit"":0.007751230150461199,""steel-plate"":0.015502460300922397}","{""electric-engine-unit"":{""normal"":30},""processing-unit"":{""normal"":10},""steel-plate"":{""normal"":20}}",1.0,{},{},"{""electric-engine-unit"":0.005813422612845898,""processing-unit"":0.0019378075376152997,""steel-plate"":0.0038756150752305993}","{""electric-engine-unit"":{""normal"":7.5},""processing-unit"":{""normal"":2.5},""steel-plate"":{""normal"":5.0}}",8.533333333333333,{},{},63,"{""electric-engine-unit"":0.004901757244616746,""processing-unit"":0.0016339190815389153,""steel-plate"":0.0032678381630778307}","{""electric-engine-unit"":{""normal"":30},""processing-unit"":{""normal"":10},""steel-plate"":{""normal"":20}}",1.0,{},{},"{""electric-engine-unit"":0.06596539811942986,""processing-unit"":0.021988466039809952,""steel-plate"":0.043976932079619904}","{""electric-engine-unit"":{""normal"":2491.3125},""processing-unit"":{""normal"":830.4375},""steel-plate"":{""normal"":1660.875}}",8.533333333333333,{},{}
32,processing-unit,fission-reactor-equipment,"[""fission-reactor-equipment"",""fission-reactor-equipment-recycling""]",,,64,"{""low-density-structure"":0.038756150752305984,""processing-unit"":0.15502460300922394,""uranium-fuel-cell"":0.0031004920601844788}","{""low-density-structure"":{""normal"":50},""processing-unit"":{""normal"":200},""uranium-fuel-cell"":{""normal"":4}}",1.0,{},{},"{""low-density-structure"":0.009689037688076496,""processing-unit"":0.038756150752305984,""uranium-fuel-cell"":0.0007751230150461197}","{""low-density-structure"":{""normal"":12.5},""processing-unit"":{""normal"":50.0},""uranium-fuel-cell"":{""normal"":1.0}}",8.533333333333333,{},{},65,"{""low-density-structure"":0.00816959540769458,""processing-unit"":0.03267838163077832,""uranium-fuel-cell"":0.0006535676326155663}","{""low-density-structure"":{""normal"":50},""processing-unit"":{""normal"":200},""uranium-fuel-cell"":{""normal"":4}}",1.0,{},{},"{""low-density-structure"":0.10994233019904977,""processing-unit"":0.43976932079619907,""uranium-fuel-cell"":0.008795386415923983}","{""low-density-structure"":{""normal"":4152.1875},""processing-unit"":{""normal"":16608.75},""uranium-fuel-cell"":{""normal"":332.175}}",8.533333333333333,{},{}
33,processing-unit,landing-pad-unloading-bay,"[""landing-pad-unloading-bay"",""landing-pad-unloading-bay-recycling""]",,,66,"{""cargo-bay"":0.0007751230150461197,""electric-engine-unit"":0.011626845225691795,""processing-unit"":0.0062009841203689575,""steel-chest"":0.0031004920601844788}","{""cargo-bay"":{""normal"":1},""electric-engine-unit"":{""normal"":15},""processing-unit"":{""normal"":8},""steel-chest"":{""normal"":4}}",1.0,{},{},"{""cargo-bay"":0.00019378075376152992,""electric-engine-unit"":0.002906711306422949,""processing-unit"":0.0015502460300922394,""steel-chest"":0.0007751230150461197}","{""cargo-bay"":{""normal"":0.25},""electric-engine-unit"":{""normal"":3.75},""processing-unit"":{""normal"":2.0},""steel-chest"":{""normal"":1.0}}",8.533333333333333,{},{},67,"{""cargo-bay"":0.00016339190815389153,""electric-engine-unit"":0.002450878622308373,""processing-unit"":0.0013071352652311323,""steel-chest"":0.0006535676326155661}","{""cargo-bay"":{""normal"":1},""electric-engine-unit"":{""normal"":15},""processing-unit"":{""normal"":8},""steel-chest"":{""normal"":4}}",1.0,{},{},"{""cargo-bay"":0.002198846603980996,""electric-engine-unit"":0.03298269905971493,""processing-unit"":0.017590772831847967,""steel-chest"":0.008795386415923983}","{""cargo-bay"":{""normal"":83.04375},""electric-engine-unit"":{""normal"":1245.65625},""processing-unit"":{""normal"":664.35},""steel-chest"":{""normal"":332.175}}",8.533333333333333,{},{}
34,processing-unit,mech-armor,"[""mech-armor"",""mech-armor-recycling""]",,,68,"{""holmium-plate"":0.15502460300922394,""power-armor-mk2"":0.0007751230150461197,""processing-unit"":0.07751230150461197,""supercapacitor"":0.038756150752305984,""superconductor"":0.038756150752305984}","{""holmium-plate"":{""normal"":200},""power-armor-mk2"":{""normal"":1},""processing-unit"":{""normal"":100},""supercapacitor"":{""normal"":50},""superconductor"":{""normal"":50}}",1.0,{},{},"{""holmium-plate"":0.006459358458717662,""power-armor-mk2"":3.229679229358832e-05,""processing-unit"":0.003229679229358831,""supercapacitor"":0.0016148396146794155,""superconductor"":0.0016148396146794155}","{""holmium-plate"":{""normal"":8.333333333333332},""power-armor-mk2"":{""normal"":0.041666666666666664},""processing-unit"":{""normal"":4.166666666666666},""supercapacitor"":{""normal"":2.083333333333333},""superconductor"":{""normal"":2.083333333333333}}",8.533333333333333,{},{},69,"{""holmium-plate"":0.03267838163077832,""power-armor-mk2"":0.0001633919081538916,""processing-unit"":0.01633919081538916,""supercapacitor"":0.00816959540769458,""superconductor"":0.00816959540769458}","{""holmium-plate"":{""normal"":200},""power-armor-mk2"":{""normal"":1},""processing-unit"":{""normal"":100},""supercapacitor"":{""normal"":50},""superconductor"":{""normal"":50}}",1.0,{},{},"{""holmium-plate"":0.07329488679936652,""power-armor-mk2"":0.0003664744339968326,""processing-unit"":0.03664744339968326,""supercapacitor"":0.01832372169984163,""superconductor"":0.01832372169984163}","{""holmium-plate"":{""normal"":2768.125},""power-armor-mk2"":{""normal"":13.840625},""processing-unit"":{""normal"":1384.0625},""supercapacitor"":{""normal"":692.03125},""superconductor"":{""normal"":692.03125}}",8.533333333333333,{},{}
35,processing-unit,personal-laser-defense-equipment,"[""personal-laser-defense-equipment"",""personal-laser-defense-equipment-recycling""]",,,70,"{""laser-turret"":0.0038756150752305984,""low-density-structure"":0.0038756150752305984,""processing-unit"":0.015502460300922394}","{""laser-turret"":{""normal"":5},""low-density-structure"":{""normal"":5},""processing-unit"":{""normal"":20}}",1.0,{},{},"{""laser-turret"":0.0009689037688076496,""low-density-structure"":0.0009689037688076496,""processing-unit"":0.0038756150752305984}","{""laser-turret"":{""normal"":1.25},""low-density-structure"":{""normal"":1.25},""processing-unit"":{""normal"":5.0}}",8.533333333333333,{},{},71,"{""laser-turret"":0.000816959540769458,""low-density-structure"":0.000816959540769458,""processing-unit"":0.003267838163077832}","{""laser-turret"":{""normal"":5},""low-density-structure"":{""normal"":5},""processing-unit"":{""normal"":20}}",1.0,{},{},"{""laser-turret"":0.010994233019904976,""low-density-structure"":0.010994233019904976,""processing-unit"":0.043976932079619904}","{""laser-turret"":{""normal"":415.21875},""low-density-structure"":{""normal"":415.21875},""processing-unit"":{""normal"":1660.875}}",8.533333333333333,{},{}
36,processing-unit,personal-roboport-mk2-equipment,"[""personal-roboport-mk2-equipment"",""personal-roboport-mk2-equipment-recycling""]",,,72,"{""personal-roboport-equipment"":0.0038756150752305993,""processing-unit"":0.038756150752305984,""superconductor"":0.038756150752305984}","{""personal-roboport-equipment"":{""normal"":5},""processing-unit"":{""normal"":50},""superconductor"":{""normal"":50}}",1.0,{},{},"{""personal-roboport-equipment"":0.0004844518844038249,""processing-unit"":0.004844518844038248,""superconductor"":0.004844518844038248}","{""personal-roboport-equipment"":{""normal"":0.625},""processing-unit"":{""normal"":6.25},""superconductor"":{""normal"":6.25}}",8.533333333333333,{},{},73,"{""personal-roboport-equipment"":0.000816959540769458,""processing-unit"":0.00816959540769458,""superconductor"":0.00816959540769458}","{""personal-roboport-equipment"":{""normal"":5},""processing-unit"":{""normal"":50},""superconductor"":{""normal"":50}}",1.0,{},{},"{""personal-roboport-equipment"":0.005497116509952488,""processing-unit"":0.054971165099524884,""superconductor"":0.054971165099524884}","{""personal-roboport-equipment"":{""normal"":207.609375},""processing-unit"":{""normal"":2076.09375},""superconductor"":{""normal"":2076.09375}}",8.533333333333333,{},{}
37,processing-unit,power-armor,"[""power-armor"",""power-armor-recycling""]",,,74,"{""electric-engine-unit"":0.015502460300922394,""processing-unit"":0.031004920601844788,""steel-plate"":0.031004920601844788}","{""electric-engine-unit"":{""normal"":20},""processing-unit"":{""normal"":40},""steel-plate"":{""normal"":40}}",1.0,{},{},"{""electric-engine-unit"":0.0019378075376152992,""processing-unit"":0.0038756150752305984,""steel-plate"":0.0038756150752305984}","{""electric-engine-unit"":{""normal"":2.5},""processing-unit"":{""normal"":5.0},""steel-plate"":{""normal"":5.0}}",8.533333333333333,{},{},75,"{""electric-engine-unit"":0.003267838163077832,""processing-unit"":0.006535676326155664,""steel-plate"":0.006535676326155664}","{""electric-engine-unit"":{""normal"":20},""processing-unit"":{""normal"":40},""steel-plate"":{""normal"":40}}",1.0,{},{},"{""electric-engine-unit"":0.021988466039809952,""processing-unit"":0.043976932079619904,""steel-plate"":0.043976932079619904}","{""electric-engine-unit"":{""normal"":830.4375},""processing-unit"":{""normal"":1660.875},""steel-plate"":{""normal"":1660.875}}",8.533333333333333,{},{}
38,processing-unit,power-armor-mk2,"[""power-armor-mk2"",""power-armor-mk2-recycling""]",,,76,"{""efficiency-module"":0.07751230150461197,""electric-engine-unit"":0.031004920601844795,""low-density-structure"":0.02325369045138359,""processing-unit"":0.04650738090276718,""speed-module"":0.07751230150461197}","{""efficiency-module"":{""normal"":100},""electric-engine-unit"":{""normal"":40},""low-density-structure"":{""normal"":30},""processing-unit"":{""normal"":60},""speed-module"":{""normal"":100}}",1.0,{},{},"{""efficiency-module"":0.007751230150461197,""electric-engine-unit"":0.0031004920601844788,""low-density-structure"":0.002325369045138359,""processing-unit"":0.004650738090276718,""speed-module"":0.007751230150461197}","{""efficiency-module"":{""normal"":10.0},""electric-engine-unit"":{""normal"":4.0},""low-density-structure"":{""normal"":3.0},""processing-unit"":{""normal"":6.0},""speed-module"":{""normal"":10.0}}",8.533333333333331,{},{},77,"{""efficiency-module"":0.016339190815389155,""electric-engine-unit"":0.006535676326155661,""low-density-structure"":0.004901757244616746,""processing-unit"":0.009803514489233492,""speed-module"":0.016339190815389155}","{""efficiency-module"":{""normal"":100},""electric-engine-unit"":{""normal"":40},""low-density-structure"":{""normal"":30},""processing-unit"":{""normal"":60},""speed-module"":{""normal"":100}}",1.0,{},{},"{""efficiency-module"":0.08795386415923981,""electric-engine-unit"":0.035181545663695926,""low-density-structure"":0.026386159247771945,""processing-unit"":0.05277231849554389,""speed-module"":0.08795386415923981}","{""efficiency-module"":{""normal"":3321.75},""electric-engine-unit"":{""normal"":1328.7},""low-density-structure"":{""normal"":996.5250000000001},""processing-unit"":{""normal"":1993.0500000000002},""speed-module"":{""normal"":3321.75}}",8.533333333333331,{},{}
39,processing-unit,productivity-module-2,"[""productivity-module-2"",""productivity-module-2-recycling""]",,,78,"{""advanced-circuit"":0.013448832223466527,""processing-unit"":0.013448832223466527,""productivity-module"":0.010759065778773221}","{""advanced-circuit"":{""normal"":5},""processing-unit"":{""normal"":5},""productivity-module"":{""normal"":4}}",1.0,{},{},"{""advanced-circuit"":0.001681104027933316,""processing-unit"":0.001681104027933316,""productivity-module"":0.0013448832223466527}","{""advanced-circuit"":{""normal"":0.625},""processing-unit"":{""normal"":0.625},""productivity-module"":{""normal"":0.5}}",4.137373737373737,{},{},79,"{""advanced-circuit"":0.007540296810893379,""processing-unit"":0.007540296810893379,""productivity-module"":0.006032237448714704}","{""advanced-circuit"":{""normal"":5},""processing-unit"":{""normal"":5},""productivity-module"":{""normal"":4}}",1.0,{},{},"{""advanced-circuit"":0.013509698452850636,""processing-unit"":0.013509698452850636,""productivity-module"":0.01080775876228051}","{""advanced-circuit"":{""normal"":8.958333333333334},""processing-unit"":{""normal"":8.958333333333334},""productivity-module"":{""normal"":7.166666666666667}}",4.137373737373737,{},{}
40,processing-unit,productivity-module-3,"[""productivity-module-3"",""productivity-module-3-recycling""]",,,80,"{""advanced-circuit"":0.013448832223466527,""biter-egg"":0.0026897664446933053,""processing-unit"":0.013448832223466527,""productivity-module-2"":0.010759065778773221}","{""advanced-circuit"":{""normal"":5},""biter-egg"":{""normal"":1},""processing-unit"":{""normal"":5},""productivity-module-2"":{""normal"":4}}",1.0,{},{},"{""advanced-circuit"":0.000840552013966658,""biter-egg"":0.00016811040279333158,""processing-unit"":0.000840552013966658,""productivity-module-2"":0.0006724416111733263}","{""advanced-circuit"":{""normal"":0.3125},""biter-egg"":{""normal"":0.0625},""processing-unit"":{""normal"":0.3125},""productivity-module-2"":{""normal"":0.25}}",4.137373737373737,{},{},81,"{""advanced-circuit"":0.007540296810893379,""biter-egg"":0.001508059362178676,""processing-unit"":0.007540296810893379,""productivity-module-2"":0.006032237448714704}","{""advanced-circuit"":{""normal"":5},""biter-egg"":{""normal"":1},""processing-unit"":{""normal"":5},""productivity-module-2"":{""normal"":4}}",1.0,{},{},"{""advanced-circuit"":0.006754849226425318,""biter-egg"":0.0013509698452850638,""processing-unit"":0.006754849226425318,""productivity-module-2"":0.005403879381140255}","{""advanced-circuit"":{""normal"":4.479166666666667},""biter-egg"":{""normal"":0.8958333333333334},""processing-unit"":{""normal"":4.479166666666667},""productivity-module-2"":{""normal"":3.5833333333333335}}",4.137373737373737,{},{}
41,processing-unit,quality-module-2,"[""quality-module-2"",""quality-module-2-recycling""]",,,82,"{""advanced-circuit"":0.013448832223466527,""processing-unit"":0.013448832223466527,""quality-module"":0.010759065778773221}","{""advanced-circuit"":{""normal"":5},""processing-unit"":{""normal"":5},""quality-module"":{""normal"":4}}",1.0,{},{},"{""advanced-circuit"":0.001681104027933316,""processing-unit"":0.001681104027933316,""quality-module"":0.0013448832223466527}","{""advanced-circuit"":{""normal"":0.625},""processing-unit"":{""normal"":0.625},""quality-module"":{""normal"":0.5}}",4.137373737373737,{},{},83,"{""advanced-circuit"":0.007540296810893379,""processing-unit"":0.007540296810893379,""quality-module"":0.006032237448714704}","{""advanced-circuit"":{""normal"":5},""processing-unit"":{""normal"":5},""quality-module"":{""normal"":4}}",1.0,{},{},"{""advanced-circuit"":0.013509698452850636,""processing-unit"":0.013509698452850636,""quality-module"":0.01080775876228051}","{""advanced-circuit"":{""normal"":8.958333333333334},""processing-unit"":{""normal"":8.958333333333334},""quality-module"":{""normal"":7.166666666666667}}",4.137373737373737,{},{}
42,processing-unit,quality-module-3,"[""quality-module-3"",""quality-module-3-recycling""]",,,84,"{""advanced-circuit"":0.013448832223466527,""processing-unit"":0.013448832223466527,""quality-module-2"":0.010759065778773221,""superconductor"":0.0026897664446933053}","{""advanced-circuit"":{""normal"":5},""processing-unit"":{""normal"":5},""quality-module-2"":{""normal"":4},""superconductor"":{""normal"":1}}",1.0,{},{},"{""advanced-circuit"":0.000840552013966658,""processing-unit"":0.000840552013966658,""quality-module-2"":0.0006724416111733263,""superconductor"":0.00016811040279333158}","{""advanced-circuit"":{""normal"":0.3125},""processing-unit"":{""normal"":0.3125},""quality-module-2"":{""normal"":0.25},""superconductor"":{""normal"":0.0625}}",4.137373737373737,{},{},85,"{""advanced-circuit"":0.007540296810893379,""processing-unit"":0.007540296810893379,""quality-module-2"":0.006032237448714704,""superconductor"":0.001508059362178676}","{""advanced-circuit"":{""normal"":5},""processing-unit"":{""normal"":5},""quality-module-2"":{""normal"":4},""superconductor"":{""normal"":1}}",1.0,{},{},"{""advanced-circuit"":0.006754849226425318,""processing-unit"":0.006754849226425318,""quality-module-2"":0.005403879381140255,""superconductor"":0.0013509698452850638}","{""advanced-circuit"":{""normal"":4.479166666666667},""processing-unit"":{""normal"":4.479166666666667},""quality-module-2"":{""normal"":3.5833333333333335},""superconductor"":{""normal"":0.8958333333333334}}",4.137373737373737,{},{}
43,processing-unit,quantum-processor,"[""quantum-processor"",""quantum-processor-recycling""]",,,86,"{""carbon-fiber"":0.0038988879987737167,""lithium-plate"":0.007797775997547433,""processing-unit"":0.0038988879987737167,""superconductor"":0.0038988879987737167,""tungsten-carbide"":0.0038988879987737167}","{""carbon-fiber"":{""normal"":1},""fluoroketone-cold"":{""normal"":10},""lithium-plate"":{""normal"":2},""processing-unit"":{""normal"":1},""superconductor"":{""normal"":1},""tungsten-carbide"":{""normal"":1}}",1.0,"{""fluoroketone-cold"":{""normal"":11.41726297052577}}","{""fluoroketone-hot"":{""normal"":11.416081524181644}}","{""carbon-fiber"":0.00035739806655425737,""lithium-plate"":0.0007147961331085147,""processing-unit"":0.00035739806655425737,""superconductor"":0.00035739806655425737,""tungsten-carbide"":0.00035739806655425737}","{""carbon-fiber"":{""normal"":0.09166666666666666},""fluoroketone-cold"":{""normal"":0.9166666666666666},""lithium-plate"":{""normal"":0.18333333333333332},""processing-unit"":{""normal"":0.09166666666666666},""superconductor"":{""normal"":0.09166666666666666},""tungsten-carbide"":{""normal"":0.09166666666666666}}",3.750915750915751,"{""fluoroketone-cold"":{""normal"":1.0465824389648624}}","{""fluoroketone-hot"":{""normal"":1.0464741397166508}}",87,"{""carbon-fiber"":0.0020977977025412103,""lithium-plate"":0.004195595405082421,""processing-unit"":0.0020977977025412103,""superconductor"":0.0020977977025412103,""tungsten-carbide"":0.0020977977025412103}","{""carbon-fiber"":{""normal"":1},""fluoroketone-cold"":{""normal"":10},""lithium-plate"":{""normal"":2},""processing-unit"":{""normal"":1},""superconductor"":{""normal"":1},""tungsten-carbide"":{""normal"":1}}",1.0,"{""fluoroketone-cold"":{""normal"":10.842342541895853}}","{""fluoroketone-hot"":{""normal"":8.269033789217643}}","{""carbon-fiber"":0.003758554217053002,""lithium-plate"":0.007517108434106004,""processing-unit"":0.003758554217053002,""superconductor"":0.003758554217053002,""tungsten-carbide"":0.003758554217053002}","{""carbon-fiber"":{""normal"":1.7916666666666667},""fluoroketone-cold"":{""normal"":17.916666666666668},""lithium-plate"":{""normal"":3.5833333333333335},""processing-unit"":{""normal"":1.7916666666666667},""superconductor"":{""normal"":1.7916666666666667},""tungsten-carbide"":{""normal"":1.7916666666666667}}",3.750915750915751,"{""fluoroketone-cold"":{""normal"":19.425863720896736}}","{""fluoroketone-hot"":{""normal"":14.815352205681611}}"
44,processing-unit,recycler,"[""recycler"",""recycler-recycling""]",,,88,"{""concrete"":0.015502460300922397,""iron-gear-wheel"":0.031004920601844795,""processing-unit"":0.004650738090276718,""steel-plate"":0.015502460300922397}","{""concrete"":{""normal"":20},""iron-gear-wheel"":{""normal"":40},""processing-unit"":{""normal"":6},""steel-plate"":{""normal"":20}}",1.0,{},{},"{""concrete"":0.012918716917435326,""iron-gear-wheel"":0.02583743383487065,""processing-unit"":0.003875615075230598,""steel-plate"":0.012918716917435326}","{""concrete"":{""normal"":16.666666666666668},""iron-gear-wheel"":{""normal"":33.333333333333336},""processing-unit"":{""normal"":5.0},""steel-plate"":{""normal"":16.666666666666668}}",8.533333333333333,{},{},89,"{""concrete"":0.003267838163077832,""iron-gear-wheel"":0.006535676326155664,""processing-unit"":0.0009803514489233494,""steel-plate"":0.003267838163077832}","{""concrete"":{""normal"":20},""iron-gear-wheel"":{""normal"":40},""processing-unit"":{""normal"":6},""steel-plate"":{""normal"":20}}",1.0,{},{},"{""concrete"":0.14658977359873304,""iron-gear-wheel"":0.2931795471974661,""processing-unit"":0.04397693207961991,""steel-plate"":0.14658977359873304}","{""concrete"":{""normal"":5536.25},""iron-gear-wheel"":{""normal"":11072.5},""processing-unit"":{""normal"":1660.875},""steel-plate"":{""normal"":5536.25}}",8.533333333333333,{},{}
45,processing-unit,rocket-silo,"[""rocket-silo"",""rocket-silo-recycling""]",,,90,"{""concrete"":0.7751230150461197,""electric-engine-unit"":0.15502460300922394,""pipe"":0.07751230150461197,""processing-unit"":0.15502460300922394,""steel-plate"":0.7751230150461197}","{""concrete"":{""normal"":1000},""electric-engine-unit"":{""normal"":200},""pipe"":{""normal"":100},""processing-unit"":{""normal"":200},""steel-plate"":{""normal"":1000}}",1.0,{},{},"{""concrete"":0.06459358458717664,""electric-engine-unit"":0.012918716917435324,""pipe"":0.006459358458717662,""processing-unit"":0.012918716917435324,""steel-plate"":0.06459358458717664}","{""concrete"":{""normal"":83.33333333333333},""electric-engine-unit"":{""normal"":16.666666666666664},""pipe"":{""normal"":8.333333333333332},""processing-unit"":{""normal"":16.666666666666664},""steel-plate"":{""normal"":83.33333333333333}}",8.533333333333333,{},{},91,"{""concrete"":0.16339190815389157,""electric-engine-unit"":0.03267838163077831,""pipe"":0.016339190815389155,""processing-unit"":0.03267838163077831,""steel-plate"":0.16339190815389157}","{""concrete"":{""normal"":1000},""electric-engine-unit"":{""normal"":200},""pipe"":{""normal"":100},""processing-unit"":{""normal"":200},""steel-plate"":{""normal"":1000}}",1.0,{},{},"{""concrete"":0.7329488679936652,""electric-engine-unit"":0.14658977359873304,""pipe"":0.07329488679936652,""processing-unit"":0.14658977359873304,""steel-plate"":0.7329488679936652}","{""concrete"":{""normal"":27681.25},""electric-engine-unit"":{""normal"":5536.25},""pipe"":{""normal"":2768.125},""processing-unit"":{""normal"":5536.25},""steel-plate"":{""normal"":27681.25}}",8.533333333333333,{},{}
46,processing-unit,rocket-turret,"[""rocket-turret"",""rocket-turret-recycling""]",,,92,"{""carbon-fiber"":0.015502460300922397,""iron-gear-wheel"":0.015502460300922397,""processing-unit"":0.0031004920601844788,""rocket-launcher"":0.0031004920601844788,""steel-plate"":0.015502460300922397}","{""carbon-fiber"":{""normal"":20},""iron-gear-wheel"":{""normal"":20},""processing-unit"":{""normal"":4},""rocket-launcher"":{""normal"":4},""steel-plate"":{""normal"":20}}",1.0,{},{},"{""carbon-fiber"":0.0038756150752305993,""iron-gear-wheel"":0.0038756150752305993,""processing-unit"":0.0007751230150461197,""rocket-launcher"":0.0007751230150461197,""steel-plate"":0.0038756150752305993}","{""carbon-fiber"":{""normal"":5.0},""iron-gear-wheel"":{""normal"":5.0},""processing-unit"":{""normal"":1.0},""rocket-launcher"":{""normal"":1.0},""steel-plate"":{""normal"":5.0}}",8.533333333333333,{},{},93,"{""carbon-fiber"":0.003267838163077832,""iron-gear-wheel"":0.003267838163077832,""processing-unit"":0.0006535676326155663,""rocket-launcher"":0.0006535676326155663,""steel-plate"":0.003267838163077832}","{""carbon-fiber"":{""normal"":20},""iron-gear-wheel"":{""normal"":20},""processing-unit"":{""normal"":4},""rocket-launcher"":{""normal"":4},""steel-plate"":{""normal"":20}}",1.0,{},{},"{""carbon-fiber"":0.043976932079619904,""iron-gear-wheel"":0.043976932079619904,""processing-unit"":0.008795386415923983,""rocket-launcher"":0.008795386415923983,""steel-plate"":0.043976932079619904}","{""carbon-fiber"":{""normal"":1660.875},""iron-gear-wheel"":{""normal"":1660.875},""processing-unit"":{""normal"":332.175},""rocket-launcher"":{""normal"":332.175},""steel-plate"":{""normal"":1660.875}}",8.533333333333333,{},{}
47,processing-unit,space-platform-starter-pack,"[""space-platform-starter-pack"",""space-platform-starter-pack-recycling""]",,,94,"{""processing-unit"":0.015502460300922397,""space-platform-foundation"":0.04650738090276718,""steel-plate"":0.015502460300922397}","{""processing-unit"":{""normal"":20},""space-platform-foundation"":{""normal"":60},""steel-plate"":{""normal"":20}}",1.0,{},{},"{""processing-unit"":0.0006459358458717664,""space-platform-foundation"":0.0019378075376152994,""steel-plate"":0.0006459358458717664}","{""processing-unit"":{""normal"":0.8333333333333333},""space-platform-foundation"":{""normal"":2.5},""steel-plate"":{""normal"":0.8333333333333333}}",8.533333333333333,{},{},95,"{""processing-unit"":0.0032678381630778307,""space-platform-foundation"":0.009803514489233492,""steel-plate"":0.0032678381630778307}","{""processing-unit"":{""normal"":20},""space-platform-foundation"":{""normal"":60},""steel-plate"":{""normal"":20}}",1.0,{},{},"{""processing-unit"":0.0073294886799366524,""space-platform-foundation"":0.021988466039809956,""steel-plate"":0.0073294886799366524}","{""processing-unit"":{""normal"":276.8125},""space-platform-foundation"":{""normal"":830.4375},""steel-plate"":{""normal"":276.8125}}",8.533333333333333,{},{}
48,processing-unit,speed-module-2,"[""speed-module-2"",""speed-module-2-recycling""]",,,96,"{""advanced-circuit"":0.013448832223466527,""processing-unit"":0.013448832223466527,""speed-module"":0.010759065778773221}","{""advanced-circuit"":{""normal"":5},""processing-unit"":{""normal"":5},""speed-module"":{""normal"":4}}",1.0,{},{},"{""advanced-circuit"":0.001681104027933316,""processing-unit"":0.001681104027933316,""speed-module"":0.0013448832223466527}","{""advanced-circuit"":{""normal"":0.625},""processing-unit"":{""normal"":0.625},""speed-module"":{""normal"":0.5}}",4.137373737373737,{},{},97,"{""advanced-circuit"":0.007540296810893379,""processing-unit"":0.007540296810893379,""speed-module"":0.006032237448714704}","{""advanced-circuit"":{""normal"":5},""processing-unit"":{""normal"":5},""speed-module"":{""normal"":4}}",1.0,{},{},"{""advanced-circuit"":0.013509698452850636,""processing-unit"":0.013509698452850636,""speed-module"":0.01080775876228051}","{""advanced-circuit"":{""normal"":8.958333333333334},""processing-unit"":{""normal"":8.958333333333334},""speed-module"":{""normal"":7.166666666666667}}",4.137373737373737,{},{}
49,processing-unit,speed-module-3,"[""speed-module-3"",""speed-module-3-recycling""]",,,98,"{""advanced-circuit"":0.013448832223466527,""processing-unit"":0.013448832223466527,""speed-module-2"":0.010759065778773221,""tungsten-carbide"":0.0026897664446933053}","{""advanced-circuit"":{""normal"":5},""processing-unit"":{""normal"":5},""speed-module-2"":{""normal"":4},""tungsten-carbide"":{""normal"":1}}",1.0,{},{},"{""advanced-circuit"":0.000840552013966658,""processing-unit"":0.000840552013966658,""speed-module-2"":0.0006724416111733263,""tungsten-carbide"":0.00016811040279333158}","{""advanced-circuit"":{""normal"":0.3125},""processing-unit"":{""normal"":0.3125},""speed-module-2"":{""normal"":0.25},""tungsten-carbide"":{""normal"":0.0625}}",4.137373737373737,{},{},99,"{""advanced-circuit"":0.007540296810893379,""processing-unit"":0.007540296810893379,""speed-module-2"":0.006032237448714704,""tungsten-carbide"":0.001508059362178676}","{""advanced-circuit"":{""normal"":5},""processing-unit"":{""normal"":5},""speed-module-2"":{""normal"":4},""tungsten-carbide"":{""normal"":1}}",1.0,{},{},"{""advanced-circuit"":0.006754849226425318,""processing-unit"":0.006754849226425318,""speed-module-2"":0.005403879381140255,""tungsten-carbide"":0.0013509698452850638}","{""advanced-circuit"":{""normal"":4.479166666666667},""processing-unit"":{""normal"":4.479166666666667},""speed-module-2"":{""normal"":3.5833333333333335},""tungsten-carbide"":{""normal"":0.8958333333333334}}",4.137373737373737,{},{}
50,processing-unit,stack-inserter,"[""stack-inserter"",""stack-inserter-recycling""]",,,100,"{""bulk-inserter"":0.0007751230150461197,""carbon-fiber"":0.0015502460300922394,""jelly"":0.007751230150461199,""processing-unit"":0.0007751230150461197}","{""bulk-inserter"":{""normal"":1},""carbon-fiber"":{""normal"":2},""jelly"":{""normal"":10},""processing-unit"":{""normal"":1}}",1.0,{},{},"{""bulk-inserter"":0.0038756150752305984,""carbon-fiber"":0.007751230150461197,""jelly"":0.038756150752305984,""processing-unit"":0.0038756150752305984}","{""bulk-inserter"":{""normal"":5.0},""carbon-fiber"":{""normal"":10.0},""jelly"":{""normal"":50.0},""processing-unit"":{""normal"":5.0}}",8.533333333333333,{},{},101,"{""bulk-inserter"":0.0001633919081538916,""carbon-fiber"":0.0003267838163077832,""jelly"":0.001633919081538916,""processing-unit"":0.0001633919081538916}","{""bulk-inserter"":{""normal"":1},""carbon-fiber"":{""normal"":2},""jelly"":{""normal"":10},""processing-unit"":{""normal"":1}}",1.0,{},{},"{""bulk-inserter"":0.043976932079619904,""carbon-fiber"":0.08795386415923981,""jelly"":0.439769320796199,""processing-unit"":0.043976932079619904}","{""bulk-inserter"":{""normal"":1660.875},""carbon-fiber"":{""normal"":3321.75},""jelly"":{""normal"":16608.75},""processing-unit"":{""normal"":1660.875}}",8.533333333333333,{},{}
51,processing-unit,tesla-turret,"[""tesla-turret"",""tesla-turret-recycling""]",,,102,"{""processing-unit"":0.026897664446933055,""supercapacitor"":0.026897664446933055,""superconductor"":0.13448832223466525,""teslagun"":0.0026897664446933053}","{""electrolyte"":{""normal"":500},""processing-unit"":{""normal"":10},""supercapacitor"":{""normal"":10},""superconductor"":{""normal"":50},""teslagun"":{""normal"":1}}",1.0,"{""electrolyte"":{""normal"":551.3531356628009}}",{},"{""processing-unit"":0.003362208055866632,""supercapacitor"":0.003362208055866632,""superconductor"":0.016811040279333157,""teslagun"":0.00033622080558666316}","{""electrolyte"":{""normal"":62.5},""processing-unit"":{""normal"":1.25},""supercapacitor"":{""normal"":1.25},""superconductor"":{""normal"":6.25},""teslagun"":{""normal"":0.125}}",4.137373737373737,"{""electrolyte"":{""normal"":68.91914195785012}}",{},103,"{""processing-unit"":0.015080593621786757,""supercapacitor"":0.015080593621786757,""superconductor"":0.0754029681089338,""teslagun"":0.001508059362178676}","{""electrolyte"":{""normal"":500},""processing-unit"":{""normal"":10},""supercapacitor"":{""normal"":10},""superconductor"":{""normal"":50},""teslagun"":{""normal"":1}}",1.0,"{""electrolyte"":{""normal"":541.2517331914236}}",{},"{""processing-unit"":0.027019396905701272,""supercapacitor"":0.027019396905701272,""superconductor"":0.13509698452850638,""teslagun"":0.0027019396905701275}","{""electrolyte"":{""normal"":895.8333333333334},""processing-unit"":{""normal"":17.916666666666668},""supercapacitor"":{""normal"":17.916666666666668},""superconductor"":{""normal"":89.58333333333334},""teslagun"":{""normal"":1.7916666666666667}}",4.137373737373737,"{""electrolyte"":{""normal"":969.742688634634}}",{}
52,processing-unit,thruster,"[""thruster"",""thruster-recycling""]",,,104,"{""electric-engine-unit"":0.0038756150752305984,""processing-unit"":0.007751230150461197,""steel-plate"":0.007751230150461197}","{""electric-engine-unit"":{""normal"":5},""processing-unit"":{""normal"":10},""steel-plate"":{""normal"":10}}",1.0,{},{},"{""electric-engine-unit"":0.0009689037688076496,""processing-unit"":0.0019378075376152992,""steel-plate"":0.0019378075376152992}","{""electric-engine-unit"":{""normal"":1.25},""processing-unit"":{""normal"":2.5},""steel-plate"":{""normal"":2.5}}",8.533333333333333,{},{},105,"{""electric-engine-unit"":0.000816959540769458,""processing-unit"":0.001633919081538916,""steel-plate"":0.001633919081538916}","{""electric-engine-unit"":{""normal"":5},""processing-unit"":{""normal"":10},""steel-plate"":{""normal"":10}}",1.0,{},{},"{""electric-engine-unit"":0.010994233019904976,""processing-unit"":0.021988466039809952,""steel-plate"":0.021988466039809952}","{""electric-engine-unit"":{""normal"":415.21875},""processing-unit"":{""normal"":830.4375},""steel-plate"":{""normal"":830.4375}}",8.533333333333333,{},{}
53,processing-unit,turbo-splitter,"[""turbo-splitter"",""turbo-splitter-recycling""]",,,106,"{""express-splitter"":0.0020649260035716,""processing-unit"":0.0041298520071432,""tungsten-plate"":0.030973890053574007}","{""express-splitter"":{""normal"":1},""lubricant"":{""normal"":80},""processing-unit"":{""normal"":2},""tungsten-plate"":{""normal"":15}}",1.0,"{""lubricant"":{""normal"":88.23029128819702}}",{},"{""express-splitter"":0.0082597040142864,""processing-unit"":0.0165194080285728,""tungsten-plate"":0.12389556021429603}","{""express-splitter"":{""normal"":4.0},""lubricant"":{""normal"":320.0},""processing-unit"":{""normal"":8.0},""tungsten-plate"":{""normal"":60.0}}",1.7777777777777777,"{""lubricant"":{""normal"":352.9211651527881}}",{},107,"{""express-splitter"":0.001154355096810339,""processing-unit"":0.002308710193620678,""tungsten-plate"":0.017315326452155083}","{""express-splitter"":{""normal"":1},""lubricant"":{""normal"":80},""processing-unit"":{""normal"":2},""tungsten-plate"":{""normal"":15}}",1.0,"{""lubricant"":{""normal"":85.64548876476005}}",{},"{""express-splitter"":0.045100653632379945,""processing-unit"":0.09020130726475989,""tungsten-plate"":0.6765098044856992}","{""express-splitter"":{""normal"":39.07},""lubricant"":{""normal"":3125.6},""processing-unit"":{""normal"":78.14},""tungsten-plate"":{""normal"":586.05}}",1.7777777777777777,"{""lubricant"":{""normal"":3346.1692460391746}}",{}
54,electromagnetic-plant,electromagnetic-plant,"[""electromagnetic-plant"",""electromagnetic-plant-recycling""]",,,108,"{""electromagnetic-plant"":0.010759065778773221}","{""holmium-plate"":{""normal"":150},""processing-unit"":{""normal"":50},""refined-concrete"":{""normal"":50},""steel-plate"":{""normal"":50}}",1.0,{},{},"{""electromagnetic-plant"":0.0040346496670399575}","{""holmium-plate"":{""normal"":56.25},""processing-unit"":{""normal"":18.75},""refined-concrete"":{""normal"":18.75},""steel-plate"":{""normal"":18.75}}",4.137373737373737,{},{},109,"{""electromagnetic-plant"":0.006032237448714702}","{""holmium-plate"":{""normal"":150},""processing-unit"":{""normal"":50},""refined-concrete"":{""normal"":50},""steel-plate"":{""normal"":50}}",1.0,{},{},"{""electromagnetic-plant"":0.032423276286841524}","{""holmium-plate"":{""normal"":806.25},""processing-unit"":{""normal"":268.75},""refined-concrete"":{""normal"":268.75},""steel-plate"":{""normal"":268.75}}",4.137373737373737,{},{}
